,,,,,,,,,,,,,,,,,,,,,,,,,,
,,0.0001,32,4,1,0.10000000000000001,0,0,0,0,0,0,0,0,30,0.85570000000000002,0.80300000000000005,0.995,0.87670000000000003,0.3397,0.39269999999999999,0.86429999999999996,58600,4468.1916000000001,0.07624900341296928,
,,0.0001,32,4,1,0.10000000000000001,1,0,0,0,0,0,0,0,21,0.85070000000000001,0.80289999999999995,0.995,0.87419999999999998,0.34129999999999999,0.3921,0.86380000000000001,58600,4457.1376,0.07606036860068259,
,,0.0001,32,4,1,0.10000000000000001,2,0,0,0,0,0,0,0,15,0.82589999999999997,0.75519999999999998,1,0.86519999999999997,0.34139999999999998,0.39190000000000003,0.83460000000000001,58600,4473.3227999999999,0.076336566552901025,
,,0.0001,32,4,1,0.10000000000000001,0,1,0,0,0,0,0,0,29,0.86070000000000002,0.83040000000000003,1,0.86870000000000003,0.33939999999999998,0.38769999999999999,0.87929999999999997,58600,4472.9763999999996,0.076330655290102384,
,,0.0001,32,4,1,0.10000000000000001,1,1,0,0,0,0,0,0,23,0.83079999999999998,0.78720000000000001,1,0.86660000000000004,0.33800000000000002,0.38969999999999999,0.85409999999999997,58600,4473.3423000000003,0.076336899317406143,
,,0.0001,32,4,1,0.10000000000000001,2,1,0,0,0,0,0,0,24,0.82089999999999996,0.76939999999999997,1,0.86990000000000001,0.33929999999999999,0.3926,0.84409999999999996,58600,4473.6839,0.076342728668941984,
,,0.0001,32,4,1,0.10000000000000001,0,10,0,0,0,0,0,0,14,0.84079999999999999,0.78979999999999995,1,0.87419999999999998,0.3362,0.39040000000000002,0.85719999999999996,58600,4493.5154000000002,0.076681150170648471,
,,0.0001,32,4,1,0.10000000000000001,1,10,0,0,0,0,0,0,30,0.81089999999999995,0.75660000000000005,0.995,0.86639999999999995,0.33979999999999999,0.38740000000000002,0.8347,58600,4468.6821,0.076257373720136523,
,,0.0001,32,4,1,0.10000000000000001,2,10,0,0,0,0,0,0,26,0.87060000000000004,0.8246,0.98999999999999999,0.87739999999999996,0.33710000000000001,0.3921,0.87580000000000002,58600,4473.3038999999999,0.076336244027303754,
,,0.0001,32,4,1,0.10000000000000001,0,100,0,0,0,0,0,0,23,0.82589999999999997,0.78220000000000001,1,0.87329999999999997,0.33800000000000002,0.39169999999999999,0.85250000000000004,58600,4478.5127000000002,0.076425131399317406,
,,0.0001,32,4,1,0.10000000000000001,1,100,0,0,0,0,0,0,30,0.82089999999999996,0.7571,1,0.87290000000000001,0.33989999999999998,0.39100000000000001,0.83730000000000004,58600,4494.7146000000002,0.076701614334470994,
,,0.0001,32,4,1,0.10000000000000001,2,100,0,0,0,0,0,0,24,0.85570000000000002,0.81530000000000002,1,0.87529999999999997,0.3412,0.3891,0.87219999999999998,58600,4470.3332,0.076285549488054605,
,,0.0001,32,4,1,0.10000000000000001,0,1000,0,0,0,0,0,0,30,0.85570000000000002,0.80569999999999997,0.98999999999999999,0.87990000000000002,0.33700000000000002,0.3921,0.86550000000000005,58600,4472.7237999999998,0.076326344709897603,
,,0.0001,32,4,1,0.10000000000000001,1,1000,0,0,0,0,0,0,24,0.81089999999999995,0.75939999999999996,1,0.88429999999999997,0.33639999999999998,0.38990000000000002,0.84099999999999997,58600,4485.0559999999996,0.076536791808873711,
,,0.0001,32,4,1,0.10000000000000001,2,1000,0,0,0,0,0,0,20,0.83579999999999999,0.77580000000000005,1,0.87370000000000003,0.34200000000000003,0.39290000000000003,0.8488,58600,4468.7790999999997,0.076259029010238899,
,,0.0001,32,4,1,0.10000000000000001,0,0,0.01,0,0,0,0,0,28,0.86070000000000002,0.80269999999999997,1,0.85670000000000002,0.34379999999999999,0.39689999999999998,0.8609,58600,4485.4165000000003,0.076542943686006837,
,,0.0001,32,4,1,0.10000000000000001,1,0,0.01,0,0,0,0,0,25,0.85570000000000002,0.80300000000000005,1,0.87029999999999996,0.34310000000000002,0.39729999999999999,0.86399999999999999,58600,4468.6624000000002,0.076257037542662123,
,,0.0001,32,4,1,0.10000000000000001,2,0,0.01,0,0,0,0,0,19,0.85070000000000001,0.8054,1,0.86650000000000005,0.34360000000000002,0.3967,0.86460000000000004,58600,4485.3233,0.076541353242320823,
,,0.0001,32,4,1,0.10000000000000001,0,0,0.10000000000000001,0,0,0,0,0,29,0.85070000000000001,0.81230000000000002,1,0.87090000000000001,0.3407,0.40300000000000002,0.86950000000000005,58600,4472.5128999999997,0.076322745733788389,
,,0.0001,32,4,1,0.10000000000000001,1,0,0.10000000000000001,0,0,0,0,0,24,0.86070000000000002,0.81110000000000004,1,0.86780000000000002,0.34279999999999999,0.40010000000000001,0.86819999999999997,58600,4494.5982999999997,0.076699629692832755,
,,0.0001,32,4,1,0.10000000000000001,2,0,0.10000000000000001,0,0,0,0,0,29,0.85070000000000001,0.8054,0.96519999999999995,0.86760000000000004,0.34439999999999998,0.40289999999999998,0.85729999999999995,58600,4495.6553000000004,0.076717667235494891,
,,0.0001,32,4,1,0.10000000000000001,0,0,1,0,0,0,0,0,27,0.83079999999999998,0.78959999999999997,1,0.83899999999999997,0.34899999999999998,0.40739999999999998,0.84960000000000002,58600,4485.5316000000003,0.076544907849829355,
,,0.0001,32,4,1,0.10000000000000001,1,0,1,0,0,0,0,0,29,0.85070000000000001,0.81430000000000002,0.98509999999999998,0.84660000000000002,0.34410000000000002,0.40670000000000001,0.86209999999999998,58600,4490.6085000000003,0.076631544368600688,
,,0.0001,32,4,1,0.10000000000000001,2,0,1,0,0,0,0,0,19,0.84079999999999999,0.76329999999999998,1,0.85289999999999999,0.34560000000000002,0.40500000000000003,0.83699999999999997,58600,4465.4114,0.076201559726962451,
,,0.0001,32,4,1,0.10000000000000001,0,0,10,0,0,0,0,0,30,0.83579999999999999,0.78180000000000005,1,0.82469999999999999,0.35120000000000001,0.4138,0.84209999999999996,58600,4481.5245999999997,0.076476529010238908,
,,0.0001,32,4,1,0.10000000000000001,1,0,10,0,0,0,0,0,25,0.80600000000000005,0.78090000000000004,1,0.82740000000000002,0.34489999999999998,0.40679999999999999,0.84209999999999996,58600,4470.1787000000004,0.076282912969283287,
,,0.0001,32,4,1,0.10000000000000001,2,0,10,0,0,0,0,0,26,0.82589999999999997,0.79110000000000003,0.995,0.8286,0.34470000000000001,0.40849999999999997,0.84719999999999995,58600,4483.6926999999996,0.076513527303754256,
,,0.0001,32,4,1,0.10000000000000001,0,0,0,0.01,0,0,0,0,21,0.82089999999999996,0.78410000000000002,0.995,0.8901,0.33360000000000001,0.40250000000000002,0.85599999999999998,58600,4474.1463999999996,0.076350621160409554,
,,0.0001,32,4,1,0.10000000000000001,1,0,0,0.01,0,0,0,0,30,0.85070000000000001,0.80030000000000001,1,0.8891,0.33350000000000002,0.40039999999999998,0.86650000000000005,58600,4490.527,0.076630153583617744,
,,0.0001,32,4,1,0.10000000000000001,2,0,0,0.01,0,0,0,0,29,0.83079999999999998,0.78720000000000001,1,0.8851,0.3347,0.40189999999999998,0.8579,58600,4460.4641000000001,0.076117134812286685,
,,0.0001,32,4,1,0.10000000000000001,0,0,0,0.10000000000000001,0,0,0,0,17,0.8458,0.81310000000000004,1,0.88549999999999995,0.33460000000000001,0.40129999999999999,0.87319999999999998,58600,4490.1641,0.076623960750853246,
,,0.0001,32,4,1,0.10000000000000001,1,0,0,0.10000000000000001,0,0,0,0,30,0.85570000000000002,0.77980000000000005,0.98999999999999999,0.8911,0.33329999999999999,0.39489999999999997,0.85270000000000001,58600,4463.8861999999999,0.076175532423208195,
,,0.0001,32,4,1,0.10000000000000001,2,0,0,0.10000000000000001,0,0,0,0,22,0.86070000000000002,0.7893,1,0.88829999999999998,0.33279999999999998,0.39579999999999999,0.85980000000000001,58600,4477.7245999999996,0.076411682593856653,
,,0.0001,32,4,1,0.10000000000000001,0,0,0,1,0,0,0,0,29,0.82089999999999996,0.75009999999999999,1,0.89049999999999996,0.33239999999999997,0.39510000000000001,0.83640000000000003,58600,4463.0290000000005,0.076160904436860077,
,,0.0001,32,4,1,0.10000000000000001,1,0,0,1,0,0,0,0,28,0.87560000000000004,0.84440000000000004,0.995,0.89129999999999998,0.3327,0.39429999999999998,0.8911,58600,4473.2542999999996,0.076335397610921493,
,,0.0001,32,4,1,0.10000000000000001,2,0,0,1,0,0,0,0,28,0.85570000000000002,0.82520000000000004,1,0.89600000000000002,0.33260000000000001,0.39419999999999999,0.88239999999999996,58600,4490.1944000000003,0.076624477815699671,
,,0.0001,32,4,1,0.10000000000000001,0,0,0,10,0,0,0,0,27,0.83579999999999999,0.79690000000000005,0.995,0.89419999999999999,0.33150000000000002,0.38619999999999999,0.86450000000000005,58600,4453.5245999999997,0.075998713310580196,
,,0.0001,32,4,1,0.10000000000000001,1,0,0,10,0,0,0,0,28,0.79600000000000004,0.76200000000000001,1,0.88900000000000001,0.33169999999999999,0.39019999999999999,0.84350000000000003,58600,4473.4076999999997,0.076338015358361766,
,,0.0001,32,4,1,0.10000000000000001,2,0,0,10,0,0,0,0,30,0.83579999999999999,0.77259999999999995,0.995,0.89190000000000003,0.33110000000000001,0.3846,0.84950000000000003,58600,4455.2532000000001,0.076028211604095564,
,,0.0001,32,4,1,0.10000000000000001,0,0,0,0,0.01,0,0,0,21,0.81589999999999996,0.78710000000000002,1,0.83919999999999995,0.3448,0.39589999999999997,0.84819999999999995,58600,4436.4489999999996,0.07570732081911262,
,,0.0001,32,4,1,0.10000000000000001,1,0,0,0,0.01,0,0,0,17,0.82589999999999997,0.76549999999999996,1,0.84730000000000005,0.34010000000000001,0.3926,0.83720000000000006,58600,4460.1846999999998,0.076112366894197953,
,,0.0001,32,4,1,0.10000000000000001,2,0,0,0,0.01,0,0,0,30,0.8458,0.79769999999999996,1,0.81330000000000002,0.34429999999999999,0.40210000000000001,0.84870000000000001,58600,4433.6953000000003,0.07566032935153584,
,,0.0001,32,4,1,0.10000000000000001,0,0,0,0,0.10000000000000001,0,0,0,23,0.84079999999999999,0.80989999999999995,1,0.84189999999999998,0.33910000000000001,0.39340000000000003,0.8619,58600,4431.2419,0.075618462457337887,
,,0.0001,32,4,1,0.10000000000000001,1,0,0,0,0.10000000000000001,0,0,0,12,0.83579999999999999,0.77580000000000005,1,0.85250000000000004,0.34129999999999999,0.3891,0.84440000000000004,58600,4455.5758999999998,0.076033718430034133,
,,0.0001,32,4,1,0.10000000000000001,2,0,0,0,0.10000000000000001,0,0,0,23,0.83579999999999999,0.78180000000000005,1,0.82030000000000003,0.34510000000000002,0.39810000000000001,0.84109999999999996,58600,4442.8082000000004,0.07581583959044369,
,,0.0001,32,4,1,0.10000000000000001,0,0,0,0,1,0,0,0,19,0.82589999999999997,0.76859999999999995,1,0.83050000000000002,0.34189999999999998,0.39510000000000001,0.83550000000000002,58600,4434.4125000000004,0.075672568259385675,
,,0.0001,32,4,1,0.10000000000000001,1,0,0,0,1,0,0,0,23,0.84079999999999999,0.78410000000000002,1,0.82740000000000002,0.34810000000000002,0.39700000000000002,0.84399999999999997,58600,4434.7691000000004,0.07567865358361775,
,,0.0001,32,4,1,0.10000000000000001,2,0,0,0,1,0,0,0,26,0.82089999999999996,0.75370000000000004,1,0.8125,0.34320000000000001,0.40189999999999998,0.82289999999999996,58600,4445.8580000000002,0.075867883959044369,
,,0.0001,32,4,1,0.10000000000000001,0,0,0,0,10,0,0,0,29,0.82589999999999997,0.78459999999999996,0.98009999999999997,0.81730000000000003,0.34599999999999997,0.40739999999999998,0.83779999999999999,58600,4422.6099999999997,0.075471160409556315,
,,0.0001,32,4,1,0.10000000000000001,1,0,0,0,10,0,0,0,27,0.83079999999999998,0.78720000000000001,1,0.78210000000000002,0.34429999999999999,0.40100000000000002,0.83589999999999998,58600,4442.3595999999998,0.075808184300341294,
,,0.0001,32,4,1,0.10000000000000001,2,0,0,0,10,0,0,0,26,0.82589999999999997,0.77710000000000001,1,0.78149999999999997,0.34789999999999999,0.41299999999999998,0.83009999999999995,58600,4432.1495999999997,0.075633952218430028,
,,0.0001,32,4,1,0.10000000000000001,0,0,0,0,0,0.01,0,0,27,0.86570000000000003,0.82379999999999998,1,0.89259999999999995,0.33289999999999997,0.4002,0.88080000000000003,58600,4443.3427000000001,0.075824960750853251,
,,0.0001,32,4,1,0.10000000000000001,1,0,0,0,0,0.01,0,0,28,0.85570000000000002,0.80569999999999997,1,0.89100000000000001,0.33250000000000002,0.40100000000000002,0.87,58600,4446.2977000000001,0.075875387372013658,
,,0.0001,32,4,1,0.10000000000000001,2,0,0,0,0,0.01,0,0,27,0.86070000000000002,0.81110000000000004,1,0.88949999999999996,0.33360000000000001,0.40150000000000002,0.87280000000000002,58600,4450.4106000000002,0.075945573378839587,
,,0.0001,32,4,1,0.10000000000000001,0,0,0,0,0,0.10000000000000001,0,0,24,0.81589999999999996,0.76149999999999995,0.995,0.88700000000000001,0.33329999999999999,0.39950000000000002,0.84179999999999999,58600,4447.3712999999998,0.075893708191126272,
,,0.0001,32,4,1,0.10000000000000001,1,0,0,0,0,0.10000000000000001,0,0,21,0.87060000000000004,0.83540000000000003,1,0.89029999999999998,0.33310000000000001,0.40129999999999999,0.88690000000000002,58600,4453.1337000000003,0.075992042662116052,
,,0.0001,32,4,1,0.10000000000000001,2,0,0,0,0,0.10000000000000001,0,0,30,0.87060000000000004,0.82210000000000005,1,0.88680000000000003,0.33339999999999997,0.39979999999999999,0.87860000000000005,58600,4441.0262000000002,0.0757854300341297,
,,0.0001,32,4,1,0.10000000000000001,0,0,0,0,0,1,0,0,30,0.84079999999999999,0.79249999999999998,1,0.89139999999999997,0.3327,0.40339999999999998,0.86229999999999996,58600,4457.7024000000001,0.076070006825938563,
,,0.0001,32,4,1,0.10000000000000001,1,0,0,0,0,1,0,0,29,0.87060000000000004,0.84079999999999999,1,0.89900000000000002,0.33189999999999997,0.40010000000000001,0.89190000000000003,58600,4441.2376999999997,0.075789039249146747,
,,0.0001,32,4,1,0.10000000000000001,2,0,0,0,0,1,0,0,30,0.86070000000000002,0.81610000000000005,1,0.88939999999999997,0.33310000000000001,0.40010000000000001,0.87570000000000003,58600,4456.8207000000002,0.076054960750853245,
,,0.0001,32,4,1,0.10000000000000001,0,0,0,0,0,10,0,0,29,0.84079999999999999,0.79500000000000004,0.98009999999999997,0.8962,0.33189999999999997,0.39610000000000001,0.86070000000000002,58600,4429.3159999999998,0.075585597269624563,
,,0.0001,32,4,1,0.10000000000000001,1,0,0,0,0,10,0,0,29,0.86570000000000003,0.81389999999999996,1,0.89370000000000005,0.33169999999999999,0.3967,0.87539999999999996,58600,4433.6890000000003,0.075660221843003417,
,,0.0001,32,4,1,0.10000000000000001,2,0,0,0,0,10,0,0,30,0.85570000000000002,0.8175,1,0.89600000000000002,0.33300000000000002,0.40039999999999998,0.87790000000000001,58600,4448.2776000000003,0.075909174061433451,
,,0.0001,32,4,1,0.10000000000000001,0,0,0,0,0,0,0.01,0,27,0.83579999999999999,0.78180000000000005,1,0.80559999999999998,0.36280000000000001,0.42980000000000002,0.83799999999999997,58600,4439.0865000000003,0.075752329351535835,
,,0.0001,32,4,1,0.10000000000000001,1,0,0,0,0,0,0.01,0,28,0.87560000000000004,0.8478,0.96519999999999995,0.79700000000000004,0.3584,0.42970000000000003,0.86409999999999998,58600,4456.5108,0.076049672354948805,
,,0.0001,32,4,1,0.10000000000000001,2,0,0,0,0,0,0.01,0,10,0.85070000000000001,0.80030000000000001,0.98999999999999999,0.83750000000000002,0.34889999999999999,0.41189999999999999,0.85329999999999995,58600,4470.3320000000003,0.076285529010238912,
,,0.0001,32,4,1,0.10000000000000001,0,0,0,0,0,0,0.10000000000000001,0,20,0.82089999999999996,0.76649999999999996,0.98999999999999999,0.79449999999999998,0.35520000000000002,0.4234,0.8246,58600,4451.9380000000001,0.075971638225255975,
,,0.0001,32,4,1,0.10000000000000001,1,0,0,0,0,0,0.10000000000000001,0,30,0.84079999999999999,0.78410000000000002,0.98509999999999998,0.76629999999999998,0.36030000000000001,0.43109999999999998,0.82740000000000002,58600,4467.9389000000001,0.076244691126279865,
,,0.0001,32,4,1,0.10000000000000001,2,0,0,0,0,0,0.10000000000000001,0,23,0.79600000000000004,0.76200000000000001,1,0.79290000000000005,0.36370000000000002,0.42899999999999999,0.82379999999999998,58600,4444.0870999999997,0.075837663822525589,
,,0.0001,32,4,1,0.10000000000000001,0,0,0,0,0,0,1,0,25,0.82589999999999997,0.78900000000000003,0.97009999999999996,0.7772,0.36149999999999999,0.436,0.82920000000000005,58600,4440.8276999999998,0.075782042662116036,
,,0.0001,32,4,1,0.10000000000000001,1,0,0,0,0,0,1,0,20,0.81089999999999995,0.76219999999999999,0.995,0.79120000000000001,0.36280000000000001,0.43330000000000002,0.82250000000000001,58600,4443.6211000000003,0.075829711604095573,
,,0.0001,32,4,1,0.10000000000000001,2,0,0,0,0,0,1,0,21,0.87560000000000004,0.83250000000000002,0.98509999999999998,0.80089999999999995,0.35630000000000001,0.42980000000000002,0.86170000000000002,58600,4449.8555999999999,0.075936102389078497,
,,0.0001,32,4,1,0.10000000000000001,0,0,0,0,0,0,10,0,27,0.84079999999999999,0.77449999999999997,1,0.76790000000000003,0.36330000000000001,0.43690000000000001,0.8256,58600,4436.5272000000004,0.0757086552901024,
,,0.0001,32,4,1,0.10000000000000001,1,0,0,0,0,0,10,0,21,0.83079999999999998,0.78959999999999997,1,0.79620000000000002,0.36030000000000001,0.43070000000000003,0.84040000000000004,58600,4450.3665000000001,0.075944820819112635,
,,0.0001,32,4,1,0.10000000000000001,2,0,0,0,0,0,10,0,20,0.80100000000000005,0.74680000000000002,1,0.80920000000000003,0.3523,0.42649999999999999,0.81820000000000004,58600,4462.8586999999998,0.076157998293515355,
,,0.0001,32,4,1,0.10000000000000001,0,0,0,0,0,0,0,0.01,27,0.85070000000000001,0.80779999999999996,1,0.87619999999999998,0.33929999999999999,0.3901,0.86809999999999998,58600,4470.3185000000003,0.076285298634812287,
,,0.0001,32,4,1,0.10000000000000001,1,0,0,0,0,0,0,0.01,27,0.82089999999999996,0.76939999999999997,1,0.87719999999999998,0.33839999999999998,0.38850000000000001,0.84560000000000002,58600,4448.7389000000003,0.075917046075085329,
,,0.0001,32,4,1,0.10000000000000001,2,0,0,0,0,0,0,0.01,28,0.85070000000000001,0.80289999999999995,1,0.86260000000000003,0.3402,0.39400000000000002,0.86240000000000006,58600,4490.7867999999999,0.076634587030716725,
,,0.0001,32,4,1,0.10000000000000001,0,0,0,0,0,0,0,0.10000000000000001,30,0.79600000000000004,0.75029999999999997,1,0.87490000000000001,0.33829999999999999,0.38790000000000002,0.83350000000000002,58600,4388.6728000000003,0.074892027303754272,
,,0.0001,32,4,1,0.10000000000000001,1,0,0,0,0,0,0,0.10000000000000001,29,0.86070000000000002,0.81359999999999999,1,0.87809999999999999,0.33689999999999998,0.38790000000000002,0.87190000000000001,58600,4401.4871999999996,0.075110703071672349,
,,0.0001,32,4,1,0.10000000000000001,2,0,0,0,0,0,0,0.10000000000000001,25,0.83079999999999998,0.74850000000000005,1,0.87609999999999999,0.33929999999999999,0.38500000000000001,0.83260000000000001,58600,4408.4979000000003,0.075230339590443687,
,,0.0001,32,4,1,0.10000000000000001,0,0,0,0,0,0,0,1,21,0.82589999999999997,0.76219999999999999,0.98999999999999999,0.86629999999999996,0.34110000000000001,0.39319999999999999,0.83699999999999997,58600,3967.4913999999999,0.0677046313993174,
,,0.0001,32,4,1,0.10000000000000001,1,0,0,0,0,0,0,1,28,0.82089999999999996,0.77959999999999996,0.995,0.86929999999999996,0.34039999999999998,0.39579999999999999,0.84909999999999997,58600,3792.3533000000002,0.064715926621160408,
,,0.0001,32,4,1,0.10000000000000001,2,0,0,0,0,0,0,1,27,0.82589999999999997,0.78690000000000004,1,0.86750000000000005,0.33879999999999999,0.39169999999999999,0.85399999999999998,58600,3808.3022000000001,0.064988092150170651,
,,0.0001,32,4,1,0.10000000000000001,0,0,0,0,0,0,0,10,22,0.82589999999999997,0.78220000000000001,0.95520000000000005,0.8669,0.33900000000000002,0.39150000000000001,0.8417,58600,1172.4059,0.020006926621160409,
,,0.0001,32,4,1,0.10000000000000001,1,0,0,0,0,0,0,10,29,0.85570000000000002,0.80569999999999997,1,0.87560000000000004,0.3382,0.39429999999999998,0.86670000000000003,58600,765.16650000000004,0.013057448805460749,
,,0.0001,32,4,1,0.10000000000000001,2,0,0,0,0,0,0,10,23,0.8458,0.77980000000000005,1,0.87350000000000005,0.33750000000000002,0.39219999999999999,0.85109999999999997,58600,1103.6207999999999,0.01883311945392491,
,,0.0001,32,4,1,0.10000000000000001,0,0,0,0,0,0,0,0.01,30,0.85570000000000002,0.80569999999999997,1,0.87270000000000003,0.33879999999999999,0.39050000000000001,0.86609999999999998,51596,4111.4423999999999,0.079685293433599508,
,,0.0001,32,4,1,0.10000000000000001,1,0,0,0,0,0,0,0.01,30,0.85570000000000002,0.8175,1,0.87390000000000001,0.33629999999999999,0.38679999999999998,0.87319999999999998,51596,4112.5167000000001,0.079706114815101953,
,,0.0001,32,4,1,0.10000000000000001,2,0,0,0,0,0,0,0.01,25,0.81089999999999995,0.77639999999999998,0.98509999999999998,0.87809999999999999,0.33739999999999998,0.3891,0.84689999999999999,51596,4109.5964999999997,0.079649517404449949,
,,0.0001,32,4,1,0.10000000000000001,0,10,0,0,0,0.10000000000000001,0,0.01,20,0.82089999999999996,0.7772,1,0.89229999999999998,0.3327,0.4012,0.85340000000000005,51596,4111.6953000000003,0.079690194976354767,
,,0.0001,32,4,1,0.10000000000000001,1,10,0,0,0,0.10000000000000001,0,0.01,27,0.81589999999999996,0.76980000000000004,1,0.89200000000000002,0.33300000000000002,0.4002,0.8488,51596,4095.4297000000001,0.079374945732227309,
,,0.0001,32,4,1,0.10000000000000001,2,10,0,0,0,0.10000000000000001,0,0.01,22,0.85070000000000001,0.78859999999999997,1,0.89259999999999995,0.33229999999999998,0.4012,0.86029999999999995,51596,4111.6175000000003,0.079688687107527717,
,,0.0001,32,4,1,0.10000000000000001,0,0,0,0.10000000000000001,0,0.10000000000000001,0,0.01,26,0.8458,0.79769999999999996,0.995,0.89139999999999997,0.33250000000000002,0.39739999999999998,0.86439999999999995,51596,4107.6904999999997,0.079612576556322187,
,,0.0001,32,4,1,0.10000000000000001,1,0,0,0.10000000000000001,0,0.10000000000000001,0,0.01,29,0.78610000000000002,0.73240000000000005,1,0.89070000000000005,0.3327,0.39979999999999999,0.82540000000000002,51596,4086.3108000000002,0.079198209163501052,
,,0.0001,32,4,1,0.10000000000000001,2,0,0,0.10000000000000001,0,0.10000000000000001,0,0.01,30,0.85070000000000001,0.80030000000000001,0.98009999999999997,0.8972,0.33169999999999999,0.39479999999999998,0.86399999999999999,51596,4092.5018,0.079318199085200408,
,,0.0001,32,4,1,0.10000000000000001,0,0,1,0,0.10000000000000001,0,0.01,0.01,23,0.80100000000000005,0.75770000000000004,1,0.81710000000000005,0.34539999999999998,0.39829999999999999,0.82630000000000003,51596,4093.7282,0.079341968369641053,
,,0.0001,32,4,1,0.10000000000000001,1,0,1,0,0.10000000000000001,0,0.01,0.01,28,0.85070000000000001,0.81230000000000002,1,0.79339999999999999,0.34820000000000001,0.40289999999999998,0.85240000000000005,51596,4084.1770000000001,0.079156853244437553,
,,0.0001,32,4,1,0.10000000000000001,2,0,1,0,0.10000000000000001,0,0.01,0.01,23,0.85070000000000001,0.7853,1,0.82969999999999999,0.34229999999999999,0.40179999999999999,0.84509999999999996,51596,4071.5160000000001,0.078911466005116671,
,,0.0001,32,4,1,0.10000000000000001,0,1,0.10000000000000001,0.01,0.01,0,0,0.01,30,0.83079999999999998,0.78720000000000001,0.995,0.7903,0.34420000000000001,0.40529999999999999,0.83660000000000001,51596,4062.0437000000002,0.078727880068222345,
,,0.0001,32,4,1,0.10000000000000001,1,1,0.10000000000000001,0.01,0.01,0,0,0.01,19,0.81589999999999996,0.77229999999999999,0.98999999999999999,0.84640000000000004,0.33960000000000001,0.39269999999999999,0.83899999999999997,51596,4106.6361999999999,0.079592142801767574,
,,0.0001,32,4,1,0.10000000000000001,2,1,0.10000000000000001,0.01,0.01,0,0,0.01,17,0.84079999999999999,0.79249999999999998,0.995,0.83499999999999996,0.34329999999999999,0.39489999999999997,0.84930000000000005,51596,4093.7995000000001,0.079343350259710052,
,,0.0001,32,4,1,0.10000000000000001,0,10,1,0,0,1,0.01,0.01,26,0.85070000000000001,0.7853,0.995,0.88900000000000001,0.33239999999999997,0.39929999999999999,0.85650000000000004,51596,4096.0796,0.079387541669896894,
,,0.0001,32,4,1,0.10000000000000001,1,10,1,0,0,1,0.01,0.01,30,0.84079999999999999,0.76329999999999998,1,0.89190000000000003,0.33250000000000002,0.39600000000000002,0.84489999999999998,51596,4096.1741000000002,0.079389373207225375,
,,0.0001,32,4,1,0.10000000000000001,2,10,1,0,0,1,0.01,0.01,23,0.85070000000000001,0.81230000000000002,1,0.88939999999999997,0.33379999999999999,0.40210000000000001,0.87350000000000005,51596,4118.6157000000003,0.079824321652841312,
,,0.0001,32,4,1,0.10000000000000001,0,10,0,1,0.01,0,1,0.01,27,0.86070000000000002,0.80840000000000001,0.995,0.86070000000000002,0.35570000000000002,0.40839999999999999,0.86399999999999999,51596,4109.9732999999997,0.079656820296146985,
,,0.0001,32,4,1,0.10000000000000001,1,10,0,1,0.01,0,1,0.01,24,0.80100000000000005,0.74970000000000003,1,0.86180000000000001,0.34449999999999997,0.39850000000000002,0.83050000000000002,51596,4100.2168000000001,0.079467726180324064,
,,0.0001,32,4,1,0.10000000000000001,2,10,0,1,0.01,0,1,0.01,30,0.88060000000000005,0.84430000000000005,0.98999999999999999,0.84370000000000001,0.35149999999999998,0.4113,0.87909999999999999,51596,4106.2195000000002,0.079584066594309638,
,,0.0001,32,4,1,0.10000000000000001,0,100,0,0.10000000000000001,0,0.10000000000000001,0.01,0.01,29,0.83079999999999998,0.76039999999999996,0.995,0.89239999999999997,0.33389999999999997,0.40029999999999999,0.84219999999999995,51596,4103.7695999999996,0.07953658423133575,
,,0.0001,32,4,1,0.10000000000000001,1,100,0,0.10000000000000001,0,0.10000000000000001,0.01,0.01,29,0.85570000000000002,0.80830000000000002,1,0.89429999999999998,0.33300000000000002,0.39939999999999998,0.87219999999999998,51596,4105.8927999999996,0.079577734708116896,
,,0.0001,32,4,1,0.10000000000000001,2,100,0,0.10000000000000001,0,0.10000000000000001,0.01,0.01,25,0.86070000000000002,0.80559999999999998,1,0.89080000000000004,0.3322,0.39760000000000001,0.86990000000000001,51596,4093.6345999999999,0.079340154275525238,
,,0.0001,32,4,1,0.10000000000000001,0,0,0.10000000000000001,0.10000000000000001,0.01,0.01,0,0.01,29,0.86570000000000003,0.81659999999999999,1,0.88790000000000002,0.33360000000000001,0.39910000000000001,0.87560000000000004,51596,4081.1581000000001,0.079098342894798043,
,,0.0001,32,4,1,0.10000000000000001,1,0,0.10000000000000001,0.10000000000000001,0.01,0.01,0,0.01,28,0.85070000000000001,0.79759999999999998,1,0.89000000000000001,0.33329999999999999,0.39700000000000002,0.86509999999999998,51596,4096.1489000000001,0.079388884797271103,
,,0.0001,32,4,1,0.10000000000000001,2,0,0.10000000000000001,0.10000000000000001,0.01,0.01,0,0.01,17,0.82089999999999996,0.78410000000000002,1,0.8911,0.3342,0.4027,0.85729999999999995,51596,4090.2330999999999,0.079274228622373821,
,,0.0001,32,4,1,0.10000000000000001,0,0,0.10000000000000001,0,1,0.10000000000000001,0.10000000000000001,0.01,26,0.85070000000000001,0.80030000000000001,0.98999999999999999,0.8861,0.33629999999999999,0.3916,0.86370000000000002,51596,4084.1302999999998,0.079155948135514381,
,,0.0001,32,4,1,0.10000000000000001,1,0,0.10000000000000001,0,1,0.10000000000000001,0.10000000000000001,0.01,29,0.84079999999999999,0.77449999999999997,1,0.88829999999999998,0.33700000000000002,0.38979999999999998,0.85089999999999999,51596,4101.5123000000003,0.079492834715869459,
,,0.0001,32,4,1,0.10000000000000001,2,0,0.10000000000000001,0,1,0.10000000000000001,0.10000000000000001,0.01,28,0.8458,0.79500000000000004,1,0.8861,0.33639999999999998,0.39000000000000001,0.86280000000000001,51596,4072.8366999999998,0.078937062950616324,
,,0.0001,32,4,1,0.10000000000000001,0,0,1,0,0.01,0.01,0.01,0.01,23,0.83579999999999999,0.76919999999999999,1,0.88649999999999995,0.33360000000000001,0.39739999999999998,0.84740000000000004,51596,4102.9802,0.079521284595705094,
,,0.0001,32,4,1,0.10000000000000001,1,0,1,0,0.01,0.01,0.01,0.01,29,0.8458,0.79500000000000004,0.98999999999999999,0.8881,0.33410000000000001,0.39589999999999997,0.86109999999999998,51596,4097.5258000000003,0.079415570974494157,
,,0.0001,32,4,1,0.10000000000000001,2,0,1,0,0.01,0.01,0.01,0.01,30,0.87560000000000004,0.83679999999999999,0.995,0.8861,0.3342,0.39529999999999998,0.88570000000000004,51596,4098.3462,0.079431471431893941,
,,0.0001,32,4,1,0.10000000000000001,0,0,1,0,0.01,0.01,1,0.01,27,0.86070000000000002,0.81110000000000004,1,0.86099999999999999,0.35360000000000003,0.41139999999999999,0.86670000000000003,51596,4145.0133999999998,0.08033594464687184,
,,0.0001,32,4,1,0.10000000000000001,1,0,1,0,0.01,0.01,1,0.01,30,0.86070000000000002,0.79290000000000005,1,0.86129999999999995,0.35949999999999999,0.42149999999999999,0.85629999999999995,51596,4159.0989,0.080608940615551586,
,,0.0001,32,4,1,0.10000000000000001,2,0,1,0,0.01,0.01,1,0.01,25,0.84079999999999999,0.80200000000000005,1,0.86480000000000001,0.34970000000000001,0.4148,0.86229999999999996,51596,4166.4159,0.080750753934413513,
,,0.0001,32,4,1,0.10000000000000001,0,100,0.01,1,0.10000000000000001,0.01,0,0.01,30,0.84079999999999999,0.78410000000000002,1,0.88019999999999998,0.33479999999999999,0.38479999999999998,0.85499999999999998,51596,4043.3984,0.078366509031707887,
,,0.0001,32,4,1,0.10000000000000001,1,100,0.01,1,0.10000000000000001,0.01,0,0.01,27,0.84079999999999999,0.78979999999999995,0.98999999999999999,0.88739999999999997,0.3337,0.37990000000000002,0.85780000000000001,51596,4059.4526000000001,0.078677661058996817,
,,0.0001,32,4,1,0.10000000000000001,2,100,0.01,1,0.10000000000000001,0.01,0,0.01,27,0.87560000000000004,0.83250000000000002,1,0.88160000000000005,0.3352,0.38469999999999999,0.88329999999999997,51596,4079.3633,0.079063557252500194,
,,0.0001,32,4,1,0.10000000000000001,0,10,1,0.10000000000000001,0,0.10000000000000001,0.01,0.01,23,0.87060000000000004,0.8246,1,0.89510000000000001,0.33300000000000002,0.39889999999999998,0.88180000000000003,51596,4112.4876000000004,0.079705550817892865,
,,0.0001,32,4,1,0.10000000000000001,1,10,1,0.10000000000000001,0,0.10000000000000001,0.01,0.01,24,0.84079999999999999,0.78410000000000002,1,0.89119999999999999,0.33379999999999999,0.4017,0.85729999999999995,51596,4117.0084999999999,0.079793171951314051,
,,0.0001,32,4,1,0.10000000000000001,2,10,1,0.10000000000000001,0,0.10000000000000001,0.01,0.01,21,0.85070000000000001,0.79759999999999998,1,0.89159999999999995,0.33189999999999997,0.39860000000000001,0.86539999999999995,51596,4106.692,0.079593224280952016,
,,0.0001,32,4,1,0.10000000000000001,0,1,0.10000000000000001,0,0.10000000000000001,0.01,0.01,0.01,27,0.8458,0.80710000000000004,1,0.87919999999999998,0.33639999999999998,0.3896,0.86829999999999996,51596,4076.4811,0.079007696333049077,
,,0.0001,32,4,1,0.10000000000000001,1,1,0.10000000000000001,0,0.10000000000000001,0.01,0.01,0.01,17,0.82089999999999996,0.79190000000000005,1,0.89180000000000004,0.33489999999999998,0.3921,0.86209999999999998,51596,4118.8244000000004,0.07982836654004187,
,,0.0001,32,4,1,0.10000000000000001,2,1,0.10000000000000001,0,0.10000000000000001,0.01,0.01,0.01,27,0.85070000000000001,0.78859999999999997,1,0.88529999999999998,0.33629999999999999,0.38679999999999998,0.85880000000000001,51596,4079.7280999999998,0.079070627568028531,
,,0.0001,32,4,1,0.10000000000000001,0,1,0.10000000000000001,0,1,1,0.10000000000000001,0.01,26,0.82589999999999997,0.77969999999999995,1,0.88959999999999995,0.3347,0.39929999999999999,0.85440000000000005,51596,4096.6243999999997,0.079398100627955645,
,,0.0001,32,4,1,0.10000000000000001,1,1,0.10000000000000001,0,1,1,0.10000000000000001,0.01,29,0.85070000000000001,0.8054,0.98999999999999999,0.89459999999999995,0.3327,0.39729999999999999,0.86850000000000005,51596,4099.6394,0.079456535390340338,
,,0.0001,32,4,1,0.10000000000000001,2,1,0.10000000000000001,0,1,1,0.10000000000000001,0.01,29,0.83579999999999999,0.79900000000000004,1,0.88890000000000002,0.33339999999999997,0.3962,0.86570000000000003,51596,4096.7105000000001,0.079399769361966049,
,,0.0001,32,4,1,0.10000000000000001,0,1,0,0.10000000000000001,0.10000000000000001,0.01,1,0.01,28,0.85070000000000001,0.81230000000000002,0.96020000000000005,0.8629,0.35620000000000002,0.40300000000000002,0.85909999999999997,51596,4136.6151,0.080173174277075737,
,,0.0001,32,4,1,0.10000000000000001,1,1,0,0.10000000000000001,0.10000000000000001,0.01,1,0.01,27,0.86070000000000002,0.81110000000000004,1,0.84740000000000004,0.36659999999999998,0.39400000000000002,0.86370000000000002,51596,4133.5769,0.08011428986743159,
,,0.0001,32,4,1,0.10000000000000001,2,1,0,0.10000000000000001,0.10000000000000001,0.01,1,0.01,28,0.76619999999999999,0.72950000000000004,1,0.86619999999999997,0.35549999999999998,0.4027,0.81879999999999997,51596,4127.0856999999996,0.079988481665245359,
,,0.0001,32,4,1,0.10000000000000001,0,1,0.01,0.10000000000000001,1,0.10000000000000001,0.01,0.01,30,0.85570000000000002,0.80830000000000002,1,0.88260000000000005,0.33589999999999998,0.3891,0.86970000000000003,51596,4069.1795999999999,0.078866183425071706,
,,0.0001,32,4,1,0.10000000000000001,1,1,0.01,0.10000000000000001,1,0.10000000000000001,0.01,0.01,30,0.87060000000000004,0.8246,1,0.89039999999999997,0.33629999999999999,0.38950000000000001,0.88080000000000003,51596,4089.5255000000002,0.079260514380959768,
,,0.0001,32,4,1,0.10000000000000001,2,1,0.01,0.10000000000000001,1,0.10000000000000001,0.01,0.01,20,0.8458,0.77980000000000005,1,0.88749999999999996,0.33510000000000001,0.38650000000000001,0.85399999999999998,51596,4095.933,0.079384700364369329,
,,0.0001,32,4,1,0.10000000000000001,0,10,0.01,0.10000000000000001,0.10000000000000001,0.10000000000000001,0.10000000000000001,0.01,30,0.86070000000000002,0.80840000000000001,1,0.89100000000000001,0.33360000000000001,0.4007,0.87160000000000004,51596,4107.8464999999997,0.079615600046515231,
,,0.0001,32,4,1,0.10000000000000001,1,10,0.01,0.10000000000000001,0.10000000000000001,0.10000000000000001,0.10000000000000001,0.01,26,0.86570000000000003,0.82599999999999996,1,0.89139999999999997,0.33379999999999999,0.39889999999999998,0.88180000000000003,51596,4106.0856000000003,0.079581471431893952,
,,0.0001,32,4,1,0.10000000000000001,2,10,0.01,0.10000000000000001,0.10000000000000001,0.10000000000000001,0.10000000000000001,0.01,25,0.86070000000000002,0.8206,1,0.88929999999999998,0.33410000000000001,0.39510000000000001,0.87829999999999997,51596,4084.6241,0.079165518644856187,
